,0
ACIAD_RS03975,3.13492904870555
ACIAD_RS00460,2.75064473102809
ACIAD_RS07430,2.29543308543196
ACIAD_RS03400,3.89597380066458
ACIAD_RS05630,2.63891238690711
ACIAD_RS02305,2.95932724930061
ACIAD_RS04640,3.87857297123292
ACIAD_RS07860,3.39620261745373
ACIAD_RS04735,2.17656200627683
ACIAD_RS11655,2.36816645664468
ACIAD_RS07300,2.59652443451344
ACIAD_RS07270,2.95047885102102
ACIAD_RS11395,2.12820605657989
ACIAD_RS14000,2.30089800175845
ACIAD_RS13210,2.91305978199773
ACIAD_RS08385,2.37764556324478
ACIAD_RS13885,2.49683887543516
ACIAD_RS04695,3.44963938059402
ACIAD_RS08450,2.68893087449821
ACIAD_RS08845,3.81848174783059
ACIAD_RS00880,3.58661412190175
ACIAD_RS13200,2.23452386154041
ACIAD_RS16055,2.39570073352961
ACIAD_RS06600,3.82095434955836
ACIAD_RS08010,4.63510780666846
ACIAD_RS07800,2.64393597562429
ACIAD_RS02715,2.05963942151676
ACIAD_RS14395,6.48684788933642
ACIAD_RS03080,4.29867375521908
ACIAD_RS17010,4.19409295804819
ACIAD_RS04575,3.24916229237956
ACIAD_RS13245,2.07081385242875
ACIAD_RS16420,5.83943666751525
ACIAD_RS12265,3.07146378185921
ACIAD_RS06170,2.7848092708296
ACIAD_RS16355,2.8400594951693
ACIAD_RS01590,2.75683904165142
ACIAD_RS06820,2.35517200207164
ACIAD_RS08495,3.68419659220857
ACIAD_RS14160,2.63943588802094
ACIAD_RS07605,3.52402761762795
ACIAD_RS11645,2.79502078863794
ACIAD_RS13135,3.28261227387655
ACIAD_RS15995,2.72009886376696
ACIAD_RS01560,3.25241039987267
ACIAD_RS01640,2.96902916770979
ACIAD_RS15590,3.50071432265411
ACIAD_RS15930,3.0578632877563
ACIAD_RS00345,2.91768663087714
ACIAD_RS07845,4.46266610102832
ACIAD_RS16810,4.19835960288227
ACIAD_RS14605,2.5154730515952
ACIAD_RS08785,2.25676952424779
ACIAD_RS02785,3.05714135516944
ACIAD_RS11930,3.77104469973597
ACIAD_RS14725,3.65896346572768
ACIAD_RS11915,2.60255970138327
ACIAD_RS06895,2.17097163324704
ACIAD_RS12665,2.23502565945635
ACIAD_RS13265,3.73493975622858
ACIAD_RS00125,2.87546540614036
ACIAD_RS10160,2.73383553063991
ACIAD_RS12060,3.53752086990008
ACIAD_RS15345,2.68507780260472
ACIAD_RS06285,2.81730694286739
ACIAD_RS15215,2.46806030216812
ACIAD_RS05790,3.14401365343714
ACIAD_RS12460,5.09259929882365
ACIAD_RS12380,2.02478899118643
ACIAD_RS04375,2.22098221320693
ACIAD_RS03165,3.40840357009041
ACIAD_RS03520,2.60218622524192
ACIAD_RS00545,2.46321095139775
ACIAD_RS15820,3.19428712895411
ACIAD_RS10635,3.23302779308362
ACIAD_RS00975,2.13751733936052
ACIAD_RS02685,3.25005198531115
ACIAD_RS11380,3.2383530378713
ACIAD_RS06875,2.21794175448901
ACIAD_RS09125,2.3319430793871
ACIAD_RS11435,2.50130077882079
ACIAD_RS13045,2.09813692515463
ACIAD_RS03060,2.22762697172332
ACIAD_RS03375,3.22392752269286
ACIAD_RS07370,3.93796750734002
ACIAD_RS14565,5.06509708631637
ACIAD_RS00055,3.73004244615307
ACIAD_RS00715,2.78603581294879
ACIAD_RS12840,2.37174989033059
ACIAD_RS02460,3.28263900134869
ACIAD_RS16225,2.36973049234359
ACIAD_RS06205,3.49070951888801
ACIAD_RS08185,2.64603331816093
ACIAD_RS15720,3.95552440445331
ACIAD_RS06515,2.9143789796933
ACIAD_RS11515,2.23101802903287
ACIAD_RS14980,4.30247678258641
ACIAD_RS16570,3.51411398711765
ACIAD_RS13845,2.45429903013588
ACIAD_RS17060,2.86116301670452
ACIAD_RS05370,4.42948806569927
ACIAD_RS00560,3.41366586875022
ACIAD_RS00480,2.62783714037559
ACIAD_RS16360,2.05009185627469
ACIAD_RS07565,3.12295734583152
ACIAD_RS12795,3.7860220586766
ACIAD_RS01730,2.68108772681948
ACIAD_RS06335,3.4293918094228
ACIAD_RS07545,2.2351866238343
ACIAD_RS02680,3.23619019378388
ACIAD_RS00505,2.74188804986891
ACIAD_RS02830,2.43318054576522
ACIAD_RS03000,2.67890567337953
ACIAD_RS17130,3.2936777990416
ACIAD_RS07795,2.70869860249341
ACIAD_RS00120,2.91111238922462
ACIAD_RS05120,2.91211304447794
ACIAD_RS00025,5.76895927430027
ACIAD_RS12430,2.03452207589331
ACIAD_RS01715,5.06579579590906
ACIAD_RS10730,3.04558226460319
ACIAD_RS01090,2.25854375936376
ACIAD_RS02630,3.89293926098607
ACIAD_RS13740,2.66219801731603
ACIAD_RS07900,2.55830406479756
ACIAD_RS06585,2.54374409519152
ACIAD_RS05535,2.28731450395302
ACIAD_RS15845,4.40699924885076
ACIAD_RS16130,2.92484592309727
ACIAD_RS14470,3.55750168982729
ACIAD_RS03365,3.63883002103937
ACIAD_RS15915,2.60688592209291
ACIAD_RS07740,2.10527807641621
ACIAD_RS02560,2.6972336408207
ACIAD_RS15515,3.08773688466459
ACIAD_RS10200,3.01757492166454
ACIAD_RS15715,2.2686257784777
ACIAD_RS09400,2.25241892810083
ACIAD_RS13270,4.76622951808186
ACIAD_RS08580,2.03681642205784
ACIAD_RS08780,3.04521557802416
ACIAD_RS00060,2.89931413516593
ACIAD_RS12190,2.51486681100113
ACIAD_RS15055,2.1091630790789
ACIAD_RS15285,4.38389779616782
ACIAD_RS13445,3.3655943941329
ACIAD_RS14590,6.45362012833693
ACIAD_RS10395,4.43131603333594
ACIAD_RS13930,3.6153646250631
ACIAD_RS03380,2.93759317384648
ACIAD_RS02625,2.54352960180184
ACIAD_RS05780,3.41094364324582
ACIAD_RS08300,2.54178256032304
ACIAD_RS16575,2.26730351396059
ACIAD_RS06790,2.4574130316897
ACIAD_RS07770,2.95438961044265
ACIAD_RS11670,2.01751065001547
ACIAD_RS16290,2.55604244260127
ACIAD_RS07190,2.37008888478915
ACIAD_RS14520,4.78760224305497
ACIAD_RS01930,2.94014258992522
ACIAD_RS02330,3.32995765222636
ACIAD_RS11190,2.68244407096655
ACIAD_RS13595,2.58077112713023
ACIAD_RS07425,3.63568543781893
ACIAD_RS15670,3.28175158163912
ACIAD_RS11795,3.5274124502092
ACIAD_RS11985,2.43966438441819
ACIAD_RS02370,2.31935373672646
ACIAD_RS10275,3.75435493638976
ACIAD_RS06660,3.75292694062089
ACIAD_RS00775,2.29634713066894
ACIAD_RS16800,3.10481252376782
ACIAD_RS11600,2.80075736335978
ACIAD_RS16415,4.23874585637452
ACIAD_RS15925,2.12897817066154
ACIAD_RS09545,2.88521923402475
ACIAD_RS00455,2.31982164433017
ACIAD_RS16610,2.18989536554384
ACIAD_RS00910,2.03738816784415
ACIAD_RS06120,2.9973501266388
ACIAD_RS02660,2.02728974266763
ACIAD_RS13000,3.22158486587026
ACIAD_RS10390,4.4753847128197
ACIAD_RS11185,2.4093042549301
ACIAD_RS02495,3.31223443562699
ACIAD_RS06365,3.4354443325688
ACIAD_RS12890,3.84197063193526
ACIAD_RS08610,2.79287561013733
ACIAD_RS02815,2.28463615096034
ACIAD_RS16950,2.91340958531019
ACIAD_RS02265,4.33083890085104
ACIAD_RS01625,3.25164863351883
ACIAD_RS07600,2.6192071893928
ACIAD_RS17065,4.50609754265112
ACIAD_RS01725,2.35619737392116
ACIAD_RS00240,2.10105600946271
ACIAD_RS10430,2.30154434486786
ACIAD_RS01915,3.24051538099072
ACIAD_RS16900,2.76266172428099
ACIAD_RS01585,2.50920130783191
ACIAD_RS14105,3.81537558070753
ACIAD_RS05530,2.50374929376887
ACIAD_RS00495,3.03332786995448
ACIAD_RS09685,3.1564822181213
ACIAD_RS03290,3.39244712446566
ACIAD_RS02710,4.18526828065372
ACIAD_RS06965,2.18288039189313
ACIAD_RS15675,4.17381071184252
ACIAD_RS10460,3.32145531007921
ACIAD_RS16895,5.20646384255275
ACIAD_RS12900,3.31085394824341
ACIAD_RS12660,2.10331327681577
ACIAD_RS14990,4.17743492091499
ACIAD_RS15650,4.63940344523504
ACIAD_RS13465,3.24003129823835
ACIAD_RS16905,2.23724794453656
ACIAD_RS11700,3.24345577700263
ACIAD_RS03285,2.96462083848912
ACIAD_RS09170,2.8176880741024
ACIAD_RS09220,3.53138800401715
ACIAD_RS14905,2.30526293268511
ACIAD_RS11420,2.91853232411226
ACIAD_RS07115,2.29732425102555
ACIAD_RS02120,2.30848301475921
ACIAD_RS11875,3.42663474626936
ACIAD_RS07400,3.31863408065143
ACIAD_RS09165,2.05824382853051
ACIAD_RS05400,3.35384672826414
ACIAD_RS04445,3.57596130015897
ACIAD_RS12235,2.45655776475619
ACIAD_RS11110,5.80915946094117
ACIAD_RS14080,2.19870367651716
ACIAD_RS01555,3.29361400710359
ACIAD_RS03430,4.10598685423844
ACIAD_RS14490,3.14562343336321
ACIAD_RS12205,3.61139950410892
ACIAD_RS10450,3.03200010995162
ACIAD_RS14910,4.75969804798785
ACIAD_RS04475,2.29288168854285
ACIAD_RS14500,2.61648389812623
ACIAD_RS16045,2.0204960338836
ACIAD_RS09360,2.15747645027169
ACIAD_RS17085,2.56146157437121
ACIAD_RS16970,4.54593960161384
ACIAD_RS04675,3.23259984054068
ACIAD_RS08040,4.31911846809714
ACIAD_RS01785,2.14449290923394
ACIAD_RS07870,2.96271787247505
ACIAD_RS03355,3.72029297445842
ACIAD_RS11945,2.02905309092249
ACIAD_RS16390,2.22554707474966
ACIAD_RS14740,2.9989361775869
ACIAD_RS02655,2.24177661894819
ACIAD_RS03370,3.89444177315227
ACIAD_RS08015,2.1702735450783
ACIAD_RS12260,3.00296217360043
ACIAD_RS04690,5.44124143650138
ACIAD_RS11445,3.04977420722147
ACIAD_RS06610,2.78986669758961
ACIAD_RS12255,2.53902588242564
ACIAD_RS07880,2.79043244934931
ACIAD_RS11230,3.01196542151673
ACIAD_RS09140,2.02047079665054
ACIAD_RS03085,2.76449339716411
ACIAD_RS03425,2.35190214814637
ACIAD_RS14305,2.33896790915946
ACIAD_RS09945,2.34443895658669
ACIAD_RS15225,2.09521078766698
ACIAD_RS04400,2.67498710516627
ACIAD_RS10335,2.54577400559111
ACIAD_RS08070,2.38037019363298
ACIAD_RS01275,2.01399000479246
ACIAD_RS09250,3.56799441907431
ACIAD_RS10490,2.86851111255923
ACIAD_RS13540,2.18973690231764
ACIAD_RS15730,2.18504738643146
ACIAD_RS15280,4.74237146626662
ACIAD_RS13455,3.86593337997158
ACIAD_RS12980,2.89219084658782
ACIAD_RS13230,2.07261782365055
ACIAD_RS01675,2.21474509710695
ACIAD_RS11055,2.99172642496476
ACIAD_RS14575,4.34938846551935
ACIAD_RS13600,3.32786002044255
ACIAD_RS01965,3.03717027223091
ACIAD_RS00425,2.09682755295713
ACIAD_RS09210,3.95950782643494
ACIAD_RS12240,2.29206203433394
ACIAD_RS13490,2.74493112794076
ACIAD_RS07215,2.6004708008064
ACIAD_RS08175,3.55641079354399
ACIAD_RS07830,2.65369702022794
ACIAD_RS16200,2.34677446509238
ACIAD_RS09690,2.91949083520769
ACIAD_RS14495,3.4396944439499
ACIAD_RS09990,3.83514353982396
ACIAD_RS06825,2.10436617607481
ACIAD_RS03350,3.99203186081769
ACIAD_RS01450,4.40473750545847
ACIAD_RS07895,3.26989734553329
ACIAD_RS06625,3.18807380244876
ACIAD_RS03830,2.61879168087315
ACIAD_RS01695,2.69759815644045
ACIAD_RS04470,2.09991069342074
ACIAD_RS09205,2.34144595801511
ACIAD_RS00445,2.95967594619066
ACIAD_RS10920,2.0265261121388
ACIAD_RS03560,2.31036717213247
ACIAD_RS11020,2.84636949632122
ACIAD_RS11675,2.49027070274954
ACIAD_RS07925,2.30357907200145
ACIAD_RS15840,4.17882404997862
ACIAD_RS03150,2.18511047018206
ACIAD_RS05915,2.83450267928696
ACIAD_RS10405,3.86456180109606
ACIAD_RS09505,4.20199981069412
ACIAD_RS00500,2.14097595181052
ACIAD_RS08405,2.07010763313463
ACIAD_RS09510,5.03600295090484
ACIAD_RS11695,4.15098487102224
ACIAD_RS16375,2.3603333299255
ACIAD_RS03215,2.26233241582235
ACIAD_RS12335,3.11807343045734
ACIAD_RS08165,2.67862790833301
ACIAD_RS11415,3.54073392842938
ACIAD_RS04285,2.67147303207271
ACIAD_RS17080,2.72952649785378
ACIAD_RS05555,2.93006473565241
ACIAD_RS01420,2.29027943505539
ACIAD_RS16010,2.18866026658765
ACIAD_RS02260,2.10739554151827
ACIAD_RS01475,2.29608896970296
ACIAD_RS05875,2.53183053655922
ACIAD_RS16635,2.02670985749797
ACIAD_RS15750,2.0022673857727
ACIAD_RS01490,6.11942410988718
ACIAD_RS12210,2.82812649121833
ACIAD_RS00540,3.40187652845763
ACIAD_RS00210,3.13857354625692
ACIAD_RS11160,3.17754515042988
ACIAD_RS00535,5.00267224592086
ACIAD_RS00985,2.00218158883991
ACIAD_RS13735,3.81435642131432
ACIAD_RS04425,2.41313182896354
ACIAD_RS06645,2.01135571905067
ACIAD_RS10075,2.28309001693063
ACIAD_RS12725,2.56267915405318
ACIAD_RS16285,6.50564014067876
ACIAD_RS14560,4.81847346159569
ACIAD_RS03120,2.34000174833538
ACIAD_RS06910,2.17235888765499
ACIAD_RS16620,2.19454030086609
ACIAD_RS07865,3.0757403952978
ACIAD_RS02445,2.96373669282316
ACIAD_RS08530,2.03681642205784
ACIAD_RS11165,2.9878744880793
ACIAD_RS07950,2.22930238908126
ACIAD_RS16605,2.16504457919227
ACIAD_RS15105,6.92565669723926
ACIAD_RS12325,2.63522807997933
ACIAD_RS01735,2.4452553534638
ACIAD_RS02435,3.72049877547132
ACIAD_RS05685,2.23912857951519
ACIAD_RS02650,2.14034695775512
ACIAD_RS12435,4.28044012343371
ACIAD_RS02255,2.03180598530768
ACIAD_RS08215,2.89975740511864
ACIAD_RS16325,3.1597826053493
ACIAD_RS04705,2.37797939602117
ACIAD_RS15805,2.21139733361347
ACIAD_RS12960,2.22108469934836
ACIAD_RS07440,3.04051862559648
ACIAD_RS14465,5.19911012448981
ACIAD_RS06160,2.02286742530183
ACIAD_RS16655,4.75404634843235
ACIAD_RS10525,2.32706169661091
ACIAD_RS06110,3.29894093723284
ACIAD_RS07475,2.02911343199237
ACIAD_RS15935,3.71529253273674
ACIAD_RS06280,2.98009957737338
ACIAD_RS10320,3.5961824978228
ACIAD_RS11115,5.06389566484978
ACIAD_RS00565,4.29830148286262
ACIAD_RS08200,3.73160585644367
ACIAD_RS08455,2.47359323044745
ACIAD_RS04655,2.8464477792203
ACIAD_RS15300,2.44491092745774
ACIAD_RS10940,2.02316371648858
ACIAD_RS05610,3.59547464603991
ACIAD_RS05350,2.63670910259055
ACIAD_RS10095,3.3888615718152
ACIAD_RS01455,5.43567725610856
ACIAD_RS06620,2.56702292937184
ACIAD_RS04460,2.4474623564631
ACIAD_RS01540,3.44372032096515
ACIAD_RS00510,3.13757876225746
ACIAD_RS01380,2.14501120390452
ACIAD_RS07360,4.7913158816849
ACIAD_RS04920,2.22285882217726
ACIAD_RS05390,2.10285307796756
ACIAD_RS01465,3.21445451471913
ACIAD_RS03980,2.69024479653395
ACIAD_RS04270,2.40194938893019
ACIAD_RS14970,3.45823559839919
ACIAD_RS05455,3.55455690772474
ACIAD_RS10805,2.1292975536994
ACIAD_RS03635,2.56512884628637
ACIAD_RS15115,2.77038303305684
ACIAD_RS17110,2.59437628760506
ACIAD_RS05905,3.4910990547659
ACIAD_RS09285,2.16080180886494
ACIAD_RS14995,4.27378718179896
ACIAD_RS08355,2.01344009743552
ACIAD_RS16000,2.46624440978297
ACIAD_RS07540,2.05539406199267
ACIAD_RS14510,4.21524571246109
ACIAD_RS15025,2.6309591589695
ACIAD_RS15735,3.02247418508102
ACIAD_RS01805,2.80866269978896
ACIAD_RS16470,2.71596933220264
ACIAD_RS16525,3.34963084392865
ACIAD_RS07920,2.26888349599451
ACIAD_RS08160,2.43976929995576
ACIAD_RS12225,3.36535952784782
ACIAD_RS12670,2.6867723946614
ACIAD_RS08440,2.31790120951495
ACIAD_RS04820,2.1184903121312
ACIAD_RS10380,3.1794091075502
ACIAD_RS04950,2.82574813931786
ACIAD_RS15210,2.59535287677504
ACIAD_RS03295,2.13970041519282
ACIAD_RS00830,4.09330660544796
ACIAD_RS09365,2.69574508622545
ACIAD_RS13830,2.31150274506422
ACIAD_RS07235,2.19276072403089
ACIAD_RS02935,2.36542966526333
ACIAD_RS12145,2.67495267058155
ACIAD_RS11260,2.02506803429241
ACIAD_RS06330,2.02392632615447
ACIAD_RS16535,2.62389600455549
ACIAD_RS08275,2.63550432675958
ACIAD_RS10175,2.79588851996259
ACIAD_RS06325,2.40391148805174
ACIAD_RS14010,2.63696393076379
ACIAD_RS07450,2.01274846677571
ACIAD_RS11750,2.65131660341113
ACIAD_RS13700,2.84492580499935
ACIAD_RS01945,2.34881573391253
ACIAD_RS03490,2.36212755200431
ACIAD_RS05515,2.07516791098891
ACIAD_RS13865,2.57326425232828
ACIAD_RS12215,3.27586645109384
ACIAD_RS02905,2.83375067415754
ACIAD_RS12995,3.48505444251205
ACIAD_RS07850,3.0462858410966
ACIAD_RS14525,5.11172782844997
ACIAD_RS00865,4.65822031813278
ACIAD_RS14555,5.16197806822696
ACIAD_RS04930,3.16372926745794
ACIAD_RS01435,3.98609603614997
ACIAD_RS09630,3.74888328125572
ACIAD_RS12505,2.53617357082317
ACIAD_RS11440,2.54818652033768
ACIAD_RS04005,2.46574048314936
ACIAD_RS01170,2.75483226698088
ACIAD_RS05430,2.74801546148449
ACIAD_RS13950,2.15597417514865
ACIAD_RS02420,2.87598054420775
ACIAD_RS12685,2.97194570061013
ACIAD_RS01430,2.41658610278711
ACIAD_RS12800,5.36176280484671
ACIAD_RS13760,3.64350022709156
ACIAD_RS04965,2.06970568415293
ACIAD_RS09535,2.52478764357805
ACIAD_RS09580,2.54251072593666
ACIAD_RS15860,2.11752122394956
ACIAD_RS03335,2.51340125141162
ACIAD_RS13835,2.88282171725421
ACIAD_RS11400,2.50255213626864
ACIAD_RS06580,2.67601343550571
ACIAD_RS04710,3.19208083489933
ACIAD_RS07815,2.57225035922207
ACIAD_RS05225,2.30053490998264
ACIAD_RS05770,3.98918625613272
ACIAD_RS02605,2.0830746024413
ACIAD_RS09105,2.00476668528473
ACIAD_RS02845,3.32733837299041
ACIAD_RS07365,4.71415135569005
ACIAD_RS10640,2.13954453139415
ACIAD_RS02555,2.87353059904327
ACIAD_RS03995,2.60569413542927
ACIAD_RS06755,2.13803781951352
ACIAD_RS09570,2.89595939377277
ACIAD_RS10970,3.65179848831857
ACIAD_RS10100,3.13575380576884
ACIAD_RS03320,2.23032711680642
ACIAD_RS12650,3.12394051922955
ACIAD_RS13435,2.40667658930807
ACIAD_RS10445,2.59558456396205
ACIAD_RS01300,2.16171638485555
ACIAD_RS14435,2.35733744407409
ACIAD_RS00130,3.21712880463099
ACIAD_RS12475,3.53118646422446
ACIAD_RS00530,2.65864404752361
ACIAD_RS16230,2.71850102853228
ACIAD_RS09235,3.8343257090428
ACIAD_RS10240,5.68049325978792
ACIAD_RS07385,2.90320031094856
ACIAD_RS13770,4.48245276747647
ACIAD_RS04360,2.95508364043408
ACIAD_RS09335,2.52266173861563
ACIAD_RS03055,2.70852296170982
ACIAD_RS03040,2.40609586747262
ACIAD_RS05495,4.69853693639183
ACIAD_RS10750,2.66929718210297
ACIAD_RS14390,2.16625951049063
ACIAD_RS09215,3.12343276390189
ACIAD_RS06870,2.40276842920782
ACIAD_RS09750,3.82581075819698
ACIAD_RS14795,3.3305941439215
ACIAD_RS05910,2.76145475379331
ACIAD_RS06430,2.1237486043466
ACIAD_RS04160,2.33216590778358
ACIAD_RS07405,2.46870800359454
ACIAD_RS14585,4.57833585635561
ACIAD_RS11180,3.18473807631246
ACIAD_RS05440,2.8408167632363
ACIAD_RS06115,3.62917459954839
ACIAD_RS16640,3.07273949172573
ACIAD_RS07395,3.6747543533965
ACIAD_RS03310,3.2970708597898
ACIAD_RS12465,3.843606121275
ACIAD_RS08055,2.33815052638847
ACIAD_RS08645,3.00894552244543
ACIAD_RS13195,2.02111559407278
ACIAD_RS16195,2.15319025731213
ACIAD_RS11090,3.80976117141642
ACIAD_RS13215,3.29510079824671
ACIAD_RS10475,5.4384375960532
ACIAD_RS06080,3.55571680802499
ACIAD_RS05080,2.40867907218154
ACIAD_RS04070,4.66319224094143
ACIAD_RS02600,2.28971198404743
ACIAD_RS10195,2.13012243404163
ACIAD_RS09375,5.70269135140894
ACIAD_RS02110,2.06167084608995
ACIAD_RS14280,3.67890813564224
ACIAD_RS08240,6.17390072990322
ACIAD_RS00010,2.15385007415119
ACIAD_RS07960,2.59417165123416
ACIAD_RS12570,3.43466900173388
ACIAD_RS09380,2.49588320700804
ACIAD_RS14940,3.83805473267416
ACIAD_RS07890,3.68094858671913
ACIAD_RS07855,3.84035075321439
ACIAD_RS09590,2.90251026303575
ACIAD_RS07530,3.30762949597258
ACIAD_RS02475,2.07686066942311
ACIAD_RS09985,3.85096939018431
ACIAD_RS02275,3.81976671802783
ACIAD_RS13995,2.83968581448454
ACIAD_RS01135,3.00835924957405
ACIAD_RS15220,2.07095332250654
ACIAD_RS12275,3.74997841040539
ACIAD_RS13160,3.07891107545462
ACIAD_RS09465,4.39943584507738
ACIAD_RS12295,2.0378752362575
ACIAD_RS12200,3.25755602607296
ACIAD_RS00575,2.61825765449644
ACIAD_RS15320,2.56188208331465
ACIAD_RS15700,2.00597633564727
ACIAD_RS00950,3.00418954481129
ACIAD_RS14640,2.06436999490439
ACIAD_RS04985,5.07902602343834
ACIAD_RS04085,3.10792509435393
ACIAD_RS04865,2.07037289544522
ACIAD_RS03720,2.63419100444892
ACIAD_RS02180,2.37348070703068
ACIAD_RS16595,5.0112057079492
ACIAD_RS14330,3.61214157480288
ACIAD_RS03435,2.94588332036305
ACIAD_RS10470,4.16843849305799
ACIAD_RS10580,2.59465712147806
ACIAD_RS06460,2.14797823168692
ACIAD_RS11450,3.63034224140144
ACIAD_RS15110,4.17989432014991
ACIAD_RS08965,4.05042511769599
ACIAD_RS06615,2.39968276928587
ACIAD_RS14015,2.58708621934408
ACIAD_RS04090,2.24187366312304
ACIAD_RS10435,3.52508167521723
ACIAD_RS06975,2.87492176821469
ACIAD_RS16955,2.64180869943586
ACIAD_RS10975,4.39794217336906
ACIAD_RS16650,4.69628355593453
ACIAD_RS02335,3.17626925113099
ACIAD_RS06665,3.12972971591271
ACIAD_RS13965,2.55174426112044
ACIAD_RS04495,2.78608150827837
ACIAD_RS05620,2.07082042314339
ACIAD_RS08600,2.53331840286305
ACIAD_RS16180,2.25927254193478
ACIAD_RS09810,3.09019660617015
ACIAD_RS04075,5.10690431086231
ACIAD_RS07965,3.89727542814572
ACIAD_RS10950,2.9403069819398
ACIAD_RS00845,5.94133225200662
ACIAD_RS08460,3.48145122274185
ACIAD_RS05980,2.55308215744296
ACIAD_RS13330,2.15065401856442
ACIAD_RS08370,2.34380554774043
ACIAD_RS14315,3.37871292971962
ACIAD_RS14515,4.76488163735899
ACIAD_RS03170,2.93293713897101
ACIAD_RS07875,2.97221234607412
ACIAD_RS00030,2.2954690401745
ACIAD_RS16530,2.64842903650821
ACIAD_RS01445,3.43559714855784
ACIAD_RS02155,4.93541813815934
ACIAD_RS03810,3.54841336844103
ACIAD_RS02850,2.49395445313197
ACIAD_RS04430,4.11382825523212
ACIAD_RS14530,4.23442566536551
ACIAD_RS11425,2.49785708165717
ACIAD_RS10385,2.29319655122754
ACIAD_RS12170,3.0002811974754
ACIAD_RS03485,5.89447398393503
ACIAD_RS04515,2.00955019602824
ACIAD_RS10135,4.20895002197242
ACIAD_RS13390,2.53240947204181
ACIAD_RS14540,4.99217215461642
ACIAD_RS14005,2.58747739932125
ACIAD_RS11710,4.00102720138912
ACIAD_RS08850,2.89147209716399
ACIAD_RS14810,3.34592308837183
ACIAD_RS02365,2.66552938315895
ACIAD_RS07620,2.62366032942242
ACIAD_RS04755,2.17778999598365
ACIAD_RS16995,2.9834242630216
ACIAD_RS06040,4.59227199255222
ACIAD_RS00415,3.14908152921623
ACIAD_RS08170,3.78685846605264
ACIAD_RS09820,2.01379039248268
ACIAD_RS02525,3.0325255486308
ACIAD_RS09175,3.83833886234457
ACIAD_RS00365,2.1490807557907
ACIAD_RS00555,3.6823461483981
ACIAD_RS13030,2.04673219458149
ACIAD_RS11610,3.53422041143921
ACIAD_RS15665,3.96358326232976
ACIAD_RS10530,6.51321211777367
ACIAD_RS11485,2.0023958919402
ACIAD_RS00450,2.98013641773641
ACIAD_RS16150,2.26368549136508
ACIAD_RS14975,5.35483646900196
ACIAD_RS02550,2.81257771684076
ACIAD_RS06785,3.31157160440819
ACIAD_RS12330,2.3581575291121
ACIAD_RS15430,3.49054891624208
ACIAD_RS02620,3.35944943002711
ACIAD_RS14285,4.970853664243
ACIAD_RS06935,2.44282892662113
ACIAD_RS12130,3.56076655569526
ACIAD_RS02295,2.17092947787522
ACIAD_RS09345,2.8016721619945
ACIAD_RS01960,2.10231868012161
ACIAD_RS00095,2.43864803763787
ACIAD_RS05270,3.01736177179557
ACIAD_RS02160,3.12065666005644
ACIAD_RS09200,2.50407476354092
ACIAD_RS06590,2.60770711729347
ACIAD_RS14535,4.30259229658043
ACIAD_RS09015,2.95837268376606
ACIAD_RS05295,2.49531347997909
ACIAD_RS03790,2.63632501845662
ACIAD_RS03690,3.23953916397323
ACIAD_RS13320,2.4616471613596
ACIAD_RS02760,4.1603940176382
ACIAD_RS13075,2.23001006853176
ACIAD_RS03825,2.21421340973091
ACIAD_RS13960,2.97603577879753
ACIAD_RS13815,2.32451217384455
ACIAD_RS07435,3.41737732709478
ACIAD_RS15275,2.58513484543655
ACIAD_RS12470,2.57354909858875
ACIAD_RS12720,2.93412931960506
ACIAD_RS08865,3.09262364593987
ACIAD_RS15985,4.07735218911233
ACIAD_RS12740,2.34949950512964
ACIAD_RS05725,2.19103684155399
ACIAD_RS11680,3.06249255540907
ACIAD_RS10690,2.43049510081079
ACIAD_RS13005,2.99334195050586
ACIAD_RS15825,3.45463660720341
ACIAD_RS07460,2.73938524721505
ACIAD_RS05795,2.9789381063779
ACIAD_RS14505,3.33351653124942
ACIAD_RS05640,2.41263555823214
ACIAD_RS10535,5.97471987314826
ACIAD_RS12735,2.08808115948714
ACIAD_RS14580,5.53337372121503
ACIAD_RS00295,2.78286824708171
ACIAD_RS07945,3.89233059701927
ACIAD_RS14600,6.79976984986069
ACIAD_RS15510,2.523831348196
ACIAD_RS10585,2.02213778758734
ACIAD_RS13730,2.33632664744325
ACIAD_RS03115,2.49844224629255
ACIAD_RS03775,2.81760015881081
ACIAD_RS03160,2.06863175970775
ACIAD_RS13130,4.63064846737974
ACIAD_RS14480,5.53969363475484
ACIAD_RS08255,4.50928823156999
ACIAD_RS00855,5.08743613679592
ACIAD_RS10480,3.82188845014555
ACIAD_RS11095,3.99323131625866
ACIAD_RS16630,2.30038349384816
ACIAD_RS06410,6.4394932906503
ACIAD_RS09980,2.53079553301959
ACIAD_RS02595,2.77290180605332
ACIAD_RS00970,2.36863176461131
ACIAD_RS04355,2.3490495045585
ACIAD_RS05870,2.38286771878421
ACIAD_RS08130,2.48992867250164
ACIAD_RS16645,5.04853857884487
ACIAD_RS11940,4.8309786436435
ACIAD_RS00355,2.3165004814584
ACIAD_RS06650,2.36120286863941
ACIAD_RS07835,3.01690029744097
ACIAD_RS02615,3.78277258438582
ACIAD_RS14095,3.85092583141703
ACIAD_RS02385,2.28599157176488
ACIAD_RS14960,2.3375573968489
ACIAD_RS09650,3.38982247979851
ACIAD_RS01250,2.26733060868622
ACIAD_RS07380,3.83284707507071
ACIAD_RS12290,3.44467430299724
ACIAD_RS05920,2.4043785088027
ACIAD_RS03835,2.16371556154645
ACIAD_RS11130,3.99677879072924
ACIAD_RS08115,2.46771556962594
ACIAD_RS11120,3.80350106484741
ACIAD_RS05405,2.78115670097881
ACIAD_RS09800,3.04124060709166
ACIAD_RS10325,3.05106496133511
ACIAD_RS09075,2.71511618632138
ACIAD_RS04025,2.71678696482261
ACIAD_RS07375,3.94565338409576
ACIAD_RS06595,4.03314159467254
ACIAD_RS11410,2.75945611019456
ACIAD_RS14550,4.71302613333628
ACIAD_RS14595,6.56197051027919
ACIAD_RS03360,4.00179363612778
ACIAD_RS05505,2.14933930010497
ACIAD_RS13010,2.73103629929709
ACIAD_RS15900,3.3487268113078
ACIAD_RS11105,2.15960130470706
ACIAD_RS11575,2.28378838938057
ACIAD_RS02150,5.92937551453604
ACIAD_RS11790,2.66035250187444
ACIAD_RS08295,2.4698688813955
ACIAD_RS01860,3.27840474777446
ACIAD_RS03950,2.42908116828127
ACIAD_RS13750,2.10416331845926
ACIAD_RS09330,2.00484447094433
ACIAD_RS09045,2.39749422713474
ACIAD_RS11785,3.49431537061882
ACIAD_RS01320,2.18129825784964
ACIAD_RS04295,2.03493256705337
ACIAD_RS12930,3.34315180476551
ACIAD_RS06630,2.09651819674691
ACIAD_RS16160,2.57972068368169
ACIAD_RS04185,2.27362180923836
ACIAD_RS13955,2.41645201188682
ACIAD_RS09420,2.4478559669131
ACIAD_RS01470,3.68931658598506
ACIAD_RS07915,2.47953044513786
ACIAD_RS07340,2.59151713186329
ACIAD_RS07220,2.52841238116159
ACIAD_RS15605,2.08079365460127
ACIAD_RS05765,4.51400611933794
ACIAD_RS07580,2.14977407458258
ACIAD_RS12655,3.49549709908061
ACIAD_RS12895,3.19237369942578
ACIAD_RS02545,2.62266231518286
ACIAD_RS07805,2.23570028300544
ACIAD_RS13590,2.37088667574169
ACIAD_RS03045,4.0777627408143
ACIAD_RS13775,5.12131137521533
ACIAD_RS06480,2.00096932980207
ACIAD_RS01500,3.95778902433052
ACIAD_RS16510,2.83980170691191
ACIAD_RS01440,5.1636057816656
ACIAD_RS02220,2.94064882258843
ACIAD_RS05810,2.35468327612945
ACIAD_RS14985,4.12276856646114
ACIAD_RS01265,2.20506778783683
ACIAD_RS14025,2.94762627771756
ACIAD_RS11330,2.49090718344615
ACIAD_RS12905,3.50257809113338
ACIAD_RS11465,2.09419521984054
ACIAD_RS11455,2.20640542622894
ACIAD_RS13880,2.66962479069298
ACIAD_RS11100,3.30041155935543
ACIAD_RS07885,2.41618887039307
ACIAD_RS14250,5.08288490254329
ACIAD_RS12300,3.06438833193448
ACIAD_RS02185,2.44195713804576
ACIAD_RS05380,2.15130449315539
ACIAD_RS00870,4.60488663733063
ACIAD_RS12040,2.70122157108112
ACIAD_RS04440,3.83763670745706
ACIAD_RS04840,2.54101009540342
ACIAD_RS04420,5.12049859315433
ACIAD_RS00110,2.7086389527846
ACIAD_RS05970,2.2504513452376
ACIAD_RS06815,2.7709342715161
ACIAD_RS14485,4.85447891506243
ACIAD_RS04700,2.28791234843565
ACIAD_RS04590,3.0532945408869
ACIAD_RS13800,2.61921428541463
ACIAD_RS09295,4.82738326298196
ACIAD_RS11005,3.24333272173643
ACIAD_RS05045,2.76196468160906
ACIAD_RS10955,2.27355192248668
ACIAD_RS15250,2.40052273305633
ACIAD_RS06485,2.98205960498901
ACIAD_RS03395,4.2458374117127
ACIAD_RS02300,3.90200522223511
ACIAD_RS13235,2.13922311294191
ACIAD_RS11065,2.27085830270977
ACIAD_RS03580,2.29487768583067
ACIAD_RS08065,2.23154229411415
ACIAD_RS08035,3.48920728874822
ACIAD_RS15140,3.62603280970913
ACIAD_RS05315,2.03271701786099
ACIAD_RS04155,2.70881352234808
ACIAD_RS01460,3.82271509242138
ACIAD_RS00015,2.06996072573709
ACIAD_RS14170,2.41919946357161
ACIAD_RS12100,2.59244623291529
ACIAD_RS08410,2.80961762998977
ACIAD_RS04080,5.16785568628956
ACIAD_RS14815,3.89943735751375
ACIAD_RS13915,3.23996569870616
ACIAD_RS15030,3.66866627026531
ACIAD_RS10650,2.05737618975375
ACIAD_RS11315,2.25800139622968
ACIAD_RS11910,2.58026421372885
ACIAD_RS00310,2.27613467818138
ACIAD_RS09550,2.10227672462787
ACIAD_RS10930,4.54406856035854
ACIAD_RS16170,2.27015057742275
ACIAD_RS15350,3.77924257594794
ACIAD_RS15585,2.90665128512216
ACIAD_RS03345,2.95300059373757
ACIAD_RS03590,2.1756210785426
ACIAD_RS04970,3.43426870155072
ACIAD_RS09845,2.92492280461662
ACIAD_RS11085,2.46891144036763
ACIAD_RS13535,2.76988405510881
ACIAD_RS07505,2.19505566527455
ACIAD_RS00850,5.80846101707345
ACIAD_RS13325,3.35156922744351
ACIAD_RS01865,3.27810797058663
ACIAD_RS01740,3.80783040568994
ACIAD_RS03565,2.54558305721717
ACIAD_RS10595,2.56795799790486
ACIAD_RS09565,2.69789935320679
ACIAD_RS03820,2.03831868387803
ACIAD_RS01515,2.03465197844624
ACIAD_RS11215,4.06720614519698
ACIAD_RS09765,2.39453904027553
ACIAD_RS00705,3.45230709480702
ACIAD_RS04685,5.00755361726999
ACIAD_RS11815,3.17179463380117
ACIAD_RS08875,4.68192899309459
ACIAD_RS05990,2.05691791294253
ACIAD_RS03130,2.4758568998391
ACIAD_RS03090,2.68848640022012
ACIAD_RS05510,3.61775289426337
ACIAD_RS07725,2.11270834410945
ACIAD_RS00035,4.21604313442243
ACIAD_RS10130,2.75062545335888
ACIAD_RS01690,2.31426630803938
ACIAD_RS09040,2.64237767216428
ACIAD_RS02570,3.11202969568492
ACIAD_RS00835,4.66593637730751
ACIAD_RS04365,2.95844273158381
ACIAD_RS13260,2.22788365083596
ACIAD_RS15060,6.13147764486545
ACIAD_RS12830,2.55449876202476
ACIAD_RS06700,3.46040582222457
ACIAD_RS14930,2.84053453508067
ACIAD_RS01770,2.31590834200658
ACIAD_RS09610,2.68130375198712
ACIAD_RS16165,3.42292153918197
ACIAD_RS12815,3.07467201252235
ACIAD_RS09440,2.73361890803942
ACIAD_RS05995,2.00735004695226
ACIAD_RS05560,2.92368934974764
ACIAD_RS00115,2.70786964006082
ACIAD_RS07555,2.92184844259719
ACIAD_RS10905,2.20820141554716
ACIAD_RS09995,2.0627913246691
ACIAD_RS14545,3.30320051311002
ACIAD_RS03390,2.36747858133025
ACIAD_RS05140,2.99239225694119
ACIAD_RS12150,3.61112240863259
ACIAD_RS00765,2.5960772768354
ACIAD_RS03385,3.62393052848391
ACIAD_RS03815,2.66272754137801
ACIAD_RS02530,2.10959501851601
ACIAD_RS09280,5.60271426419558
ACIAD_RS03750,4.37317102015446
ACIAD_RS02280,4.19297341941083
ACIAD_RS09645,2.47665463833391
ACIAD_RS03440,2.29067385645283
ACIAD_RS06010,3.84006429480588
ACIAD_RS12825,3.02578422346581
ACIAD_RS05240,2.29268277895004
ACIAD_RS04490,2.11204629238938
ACIAD_RS05830,5.10011896342548
ACIAD_RS05345,3.00194307765851
ACIAD_RS15685,4.01259167844418
ACIAD_RS12195,3.76921254295193
ACIAD_RS09065,2.09665577287131
ACIAD_RS00245,4.47863671996274
ACIAD_RS07455,2.94562760127576
ACIAD_RS02960,2.17232952720287
ACIAD_RS14475,4.91970269721438
ACIAD_RS03930,2.55476242624223
ACIAD_RS01335,2.3734052348657
ACIAD_RS00860,4.8339714192932
ACIAD_RS15955,4.34275648814609
ACIAD_RS10105,2.65748233569006
ACIAD_RS08930,3.29185552429389
ACIAD_RS07260,2.11864714949793
ACIAD_RS05085,3.35457856542301
ACIAD_RS01510,2.61896037563573
ACIAD_RS09675,2.54274545944024
ACIAD_RS15230,2.25358725186322
ACIAD_RS04680,4.32247877858163
ACIAD_RS00420,2.35656339735149
ACIAD_RS01665,2.2801221419474
ACIAD_RS05845,2.5048412314028
ACIAD_RS12370,2.68470342791759
ACIAD_RS06680,3.58756401944633
ACIAD_RS10330,4.57663384819337
ACIAD_RS01050,5.09236821063568
ACIAD_RS11285,2.09360606402326
ACIAD_RS14205,2.35022352569705
ACIAD_RS00570,2.7805092740955
ACIAD_RS05325,2.98032175555579
ACIAD_RS13410,2.07977867387882
ACIAD_RS12975,3.72027681555966
ACIAD_RS08005,4.58263853305926
ACIAD_RS14440,2.46895639198325
ACIAD_RS04405,5.0072290594126
ACIAD_RS04150,2.93700360649294
ACIAD_RS01950,3.19437189271252
ACIAD_RS06800,3.55111591879512
ACIAD_RS13440,2.04504741506869
ACIAD_RS13925,3.48950838211113
ACIAD_RS03605,2.35058273340215
ACIAD_RS13970,2.77064828634072
ACIAD_RS14570,5.46892192566776
ACIAD_RS11605,3.95855091893343
ACIAD_RS03200,2.11666873482953
ACIAD_RS06640,2.65123084727554
ACIAD_RS11430,2.96212332936074
ACIAD_RS15630,4.72658315680376
ACIAD_RS03280,2.95750328135938
ACIAD_RS12990,2.72556826902086
ACIAD_RS09815,2.60768313978833
ACIAD_RS05785,3.48895677480886
ACIAD_RS13100,3.42035629282362
ACIAD_RS13335,2.63756693904344
ACIAD_RS04845,2.21219210577035
ACIAD_RS14710,2.46272076438706
ACIAD_RS12580,2.71374636300809
ACIAD_RS06415,2.41840828781489
ACIAD_RS03225,3.8342504695962
ACIAD_RS16280,2.15950956586886
ACIAD_RS11050,2.07819139679773
ACIAD_RS01330,2.26086867963122
ACIAD_RS14100,3.1765125310712
ACIAD_RS00840,6.9521239124705
ACIAD_RS05290,3.12327821064379
ACIAD_RS00690,2.29980386240783
ACIAD_RS12025,2.91826088662866
ACIAD_RS03860,3.77681751625407
ACIAD_RS06635,2.4876732018985
ACIAD_RS10885,2.06760838459902
ACIAD_RS08830,3.72734766464749
ACIAD_RS01240,3.09045001054066
ACIAD_RS07420,5.60934354600533
ACIAD_RS06320,2.01364372546764
ACIAD_RS09705,2.15638307640711
ACIAD_RS11775,2.67346920179931
ACIAD_RS05245,2.35207909034318
ACIAD_RS13665,3.94647955988922
ACIAD_RS02965,2.33915068960639
